"Apple iPhone SE (Black, 128 GB) (Includes EarPods, Power Adapter)","39,999","4.5"
"Apple iPhone SE (White, 128 GB) (Includes EarPods, Power Adapter)","39,999","4.5"
"Apple iPhone SE (Red, 128 GB) (Includes EarPods, Power Adapter)","39,999","4.5"
"Apple iPhone 7 Plus (Black, 32 GB)","37,900","4.5"
"Apple iPhone 8 (Gold, 64 GB)","39,900","4.5"
"Apple iPhone SE (White, 128 GB)","39,999","4.5"
"Apple iPhone SE (Red, 128 GB)","39,999","4.5"
"Apple iPhone SE (Black, 128 GB)","39,999","4.5"
"Apple iPhone SE (Black, 64 GB) (Includes EarPods, Power Adapter)","34,999","4.5"
"Apple iPhone SE (White, 64 GB) (Includes EarPods, Power Adapter)","34,999","4.5"
"Apple iPhone SE (Red, 64 GB) (Includes EarPods, Power Adapter)","34,999","4.5"
"Apple iPhone SE (Red, 64 GB)","34,999","4.5"
"Apple iPhone SE (White, 64 GB)","34,999","4.5"
"Apple iPhone SE (Black, 64 GB)","34,999","4.5"
"Apple iPhone XR (White, 64 GB) (Includes EarPods, Power Adapter)","43,999","4.6"
"Apple iPhone XR (Black, 64 GB) (Includes EarPods, Power Adapter)","43,999","4.6"
"Apple iPhone XR ((PRODUCT)RED, 64 GB) (Includes EarPods, Power Adapter)","43,999","4.6"
"Apple iPhone XR (Coral, 64 GB) (Includes EarPods, Power Adapter)","43,999","4.6"
"Apple iPhone XR (Yellow, 64 GB) (Includes EarPods, Power Adapter)","43,999","4.6"
"Apple iPhone XR (Blue, 64 GB) (Includes EarPods, Power Adapter)","43,999","4.6"
"Apple iPhone 7 Plus (Rose Gold, 32 GB)","42,999","4.5"
"Apple iPhone 7 (Black, 32 GB)","29,498","4.5"
"Apple iPhone 11 (White, 64 GB)","51,999","4.6"
"Apple iPhone 11 (White, 128 GB)","56,999","4.6"
"Device Details","Price","Ratings"
